first_name,last_name,email,phone
Niki,Gartery,ngartery0@feedburner.com,927-141-2873
Nefen,Russe,nrusse1@jalbum.net,111-518-2619
Alberta,Hardson,ahardson2@japanpost.jp,392-604-5061
Arthur,Gras,agras3@businesswire.com,325-317-6490
Camala,Jewks,cjewks4@businesswire.com,195-790-2654
Kyla,Landrieu,klandrieu5@cisco.com,267-449-9184
Merrili,Balnave,mbalnave6@yolasite.com,511-125-9228
Barrie,Tandey,btandey7@weebly.com,886-113-3052
Kaitlin,Dory,kdory8@ehow.com,280-676-7921
Annice,Biasioni,abiasioni9@xing.com,544-736-3559
Napoleon,Pepon,npepona@flickr.com,514-405-6765
Libby,Tissington,ltissingtonb@bluehost.com,243-620-3141
Israel,Rootes,irootesc@purevolume.com,498-957-0022
Pammi,Goodwins,pgoodwinsd@time.com,989-455-2730
Sandye,Eggerton,seggertone@imgur.com,197-532-8222
Maurene,Whetnall,mwhetnallf@nyu.edu,168-117-9885
Ward,M'Quhan,wmquhang@mysql.com,783-233-1289
Frederico,Shrigley,fshrigleyh@imgur.com,758-405-1218
Marney,Kennford,mkennfordi@over-blog.com,150-873-6586
Rosalia,Etridge,retridgej@cmu.edu,192-294-7095
Estele,Mellish,emellishk@dagondesign.com,311-801-2408
Hobie,De Cristoforo,hdecristoforol@amazonaws.com,726-504-6555
Phip,Beebis,pbeebism@dell.com,193-526-1615
Danette,Whitmore,dwhitmoren@dot.gov,713-925-1314
Panchito,Bony,pbonyo@macromedia.com,355-780-6322
Nathanil,Scholler,nschollerp@opera.com,233-694-7232
Myrtie,Crudgington,mcrudgingtonq@timesonline.co.uk,794-970-3889
Haley,Foulsham,hfoulshamr@yolasite.com,655-733-9355
Doll,Santori,dsantoris@w3.org,384-382-2520
Casi,Canas,ccanast@usgs.gov,440-217-9256
Ysabel,Grcic,ygrcicu@mozilla.com,790-259-0817
Chandra,Jaegar,cjaegarv@gmpg.org,366-606-4373
Sadie,Adie,sadiew@kickstarter.com,802-265-6699
Shandee,Shawley,sshawleyx@google.com,755-980-4048
Corey,Huitt,chuitty@blogspot.com,465-459-8531
Fifi,Graver,fgraverz@nba.com,522-206-9996
Carlynn,Stert,cstert10@symantec.com,951-544-3279
Aurie,Antonov,aantonov11@gravatar.com,238-136-4207
Ann-marie,Schnieder,aschnieder12@about.me,489-971-5574
Sullivan,Halstead,shalstead13@slideshare.net,694-806-7422
Traver,Washtell,twashtell14@tumblr.com,504-739-4499
Annelise,Mc Caghan,amccaghan15@live.com,586-159-6863
Heddi,Berth,hberth16@dion.ne.jp,754-272-6138
Kendra,Braganca,kbraganca17@ed.gov,207-529-3152
Stacy,Oscroft,soscroft18@theguardian.com,368-635-3330
Helga,Matejovsky,hmatejovsky19@yale.edu,898-809-4083
Kevyn,Olney,kolney1a@chicagotribune.com,683-282-2117
Ted,Priden,tpriden1b@paypal.com,613-524-5825
Suzanne,Janovsky,sjanovsky1c@sphinn.com,206-683-8446
Aleen,Elgood,aelgood1d@parallels.com,950-635-8408
Charles,Pavey,cpavey1e@prnewswire.com,241-319-6950
Giralda,Thorneley,gthorneley1f@clickbank.net,875-681-3478
Celina,Bendall,cbendall1g@examiner.com,515-115-1830
Toby,O' Liddy,toliddy1h@bigcartel.com,508-381-9798
Sayre,MacGeffen,smacgeffen1i@accuweather.com,913-525-1114
Mill,Ruxton,mruxton1j@unc.edu,542-303-8414
Frasquito,Bernakiewicz,fbernakiewicz1k@ycombinator.com,639-336-8855
Henrietta,Dykes,hdykes1l@freewebs.com,265-910-5283
Kiele,Reed,kreed1m@blinklist.com,795-509-9574
Ruthann,Wyleman,rwyleman1n@sun.com,807-482-0216
Elnore,Gartshore,egartshore1o@shinystat.com,129-151-4891
Orelia,Yantsev,oyantsev1p@1und1.de,111-932-9362
Gerick,Sanday,gsanday1q@slideshare.net,576-855-3249
Hilde,Beadle,hbeadle1r@taobao.com,499-681-0703
Dan,Slixby,dslixby1s@slashdot.org,698-336-2449
Witty,Haycock,whaycock1t@studiopress.com,875-771-1014
Staci,Pleace,spleace1u@w3.org,327-294-3201
Shepard,Tallyn,stallyn1v@aboutads.info,434-787-1248
Michele,Lannon,mlannon1w@barnesandnoble.com,377-716-3165
Bentley,Franzolini,bfranzolini1x@free.fr,949-798-5051
Andreana,Tompsett,atompsett1y@smugmug.com,575-700-9922
Andi,Stennet,astennet1z@instagram.com,148-356-1784
Phoebe,Cordery,pcordery20@bluehost.com,706-730-7558
Kaiser,Dorant,kdorant21@meetup.com,965-620-3318
Kendre,Shurmore,kshurmore22@engadget.com,302-857-9578
Henrik,Thornhill,hthornhill23@utexas.edu,206-806-5064
Zsazsa,Domokos,zdomokos24@trellian.com,150-389-5026
Pen,Waadenburg,pwaadenburg25@google.com.au,157-470-4389
Welbie,Le Conte,wleconte26@slashdot.org,186-729-4050
Geraldine,Dulanty,gdulanty27@bbc.co.uk,278-787-8412
Leeann,Skippings,lskippings28@creativecommons.org,262-888-7337
Vernen,Swyre,vswyre29@chronoengine.com,124-692-5259
Carmel,Ossipenko,cossipenko2a@ebay.co.uk,757-191-4972
Aaren,Pittel,apittel2b@bbb.org,689-774-7190
Sallie,Jowers,sjowers2c@pagesperso-orange.fr,529-202-8516
Melonie,Thorburn,mthorburn2d@msn.com,453-858-6306
Valle,Yule,vyule2e@tmall.com,919-622-8161
Sunshine,Hewlings,shewlings2f@twitpic.com,309-489-7149
Holly,Darville,hdarville2g@xrea.com,956-867-7787
Tuck,Abelson,tabelson2h@jugem.jp,978-429-9638
Cherye,Wride,cwride2i@indiegogo.com,695-777-4877
Heda,Scrivinor,hscrivinor2j@illinois.edu,522-568-9643
Sauncho,Mariyushkin,smariyushkin2k@gov.uk,465-429-8575
Lia,Anthonsen,lanthonsen2l@java.com,801-429-7951
Udell,Service,uservice2m@apache.org,145-442-9908
Alysa,Wozencraft,awozencraft2n@chron.com,678-595-5524
Gonzalo,Myner,gmyner2o@t-online.de,715-510-1342
Ewen,Bordman,ebordman2p@t.co,835-195-3781
Gisele,Buckberry,gbuckberry2q@last.fm,670-396-5531
Starr,Simanek,ssimanek2r@ustream.tv,344-929-7150
